Nama,Phone,Area
SAUT MR,6282294817778,Rantau
RIA,6285273629826,Rantau
SMK 2 LHOKSUKON,6285200156332,Aceh Timur
REZEKI CELL,6285367850772,Aceh Timur
BERJAYA,6282257226560,Aceh Timur
AGEN TAKENGON,6282113972314,Aceh Timur
UD. FAJAR,6285392081341,Aceh Utara
BACUT SAPEU,6282318449546,Aceh Utara
HUSNI,6285763522598,Aceh Utara
JASA POMA LAMNO,6285359482787,Aceh Utara
USAHA ALFATA,6281362741781,Aceh Utara
BARAKAH SWALAYAN,6285277126609,Aceh Utara
WARKOP KAK NAILIS LAMNO,6285123077296,Aceh Utara
TOKO REVAN ELEKTRONIK LAMNO,6285226834100,Aceh Utara
ROHID CELL,6282368047244,Aceh Utara
SULAIMANIYAH HABIBI CENTER,6282236033413,Aceh Utara
TOKO SALMAWATI SAMPOINIET LAMNO,6282267776131,Aceh Utara
ALAIN KOPI LAMNO,6282360851021,Aceh Utara
UD. FALISYA LAMNO,6281360032096,Aceh Utara
EL MART,6282260016214,Aceh Utara
RESKI BERKAH,6282365550931,Aceh Utara
SD 40,62821897773450,Aceh Utara
KIOS PAK UDIN,6285261393651,Aceh Utara
TERMINAL JAYA,6285380280215,Aceh Utara
MULTAZAM,6281259591514,Aceh Utara
LIDYA CELL,6282220745330,Aceh Utara
BERKAH JAYA CELL,6285272771516,Aceh Utara
ABU,62895600224767,Aceh Utara
UD. RAYKAL 888,6282363337748,Aceh Utara
TUAH PUSAKA 2,6285260543668,Aceh Utara
KANTIN POLITEKNIK,6285260488717,Aceh Utara
SENTOSA SP.4,6282272116865,Aceh Utara
MURAH 2 LAMNO,6282261858359,Aceh Utara
ARSYAD JAYA,6285261558531,Aceh Utara
PENG SION LAMNO,6285277775164,Aceh Utara
MIE ARKANA LAMNO,6285362364460,Aceh Utara
UD. JUL LAMNO,6281269979204,Aceh Utara
KIOS TGK. KAUSAR LAMNO,6285373343287,Aceh Utara
HIJRAH RUKOH,62895428341661,Aceh Utara
FAKULTAS TEKNIK USK,6285260290975,Aceh Utara
FZ SWALAYAN,6282260123779,Aceh Utara
BINTANG BIRU,6285324001896,Aceh Utara
KANTIN DAYAH MADANI PUTRI,6281328788103,Aceh Utara
WAHANA IMPIAN MALAKA,6285206349217,Aceh Utara
ADEK ABANG SIBREH,6285373452771,Aceh Utara
KANTIN METHODIST,6281260339767,Aceh Utara
AROL SWALAYAN,628984176096,Aceh Utara
UD. TAUFIQ SABANG,6282363631143,Aceh Utara
TASIK MALAYA SABANG,6282360137778,Aceh Utara
M. ALIF,6282283729559,Aceh Utara
AQIL JAYA SABANG,6285359663207,Aceh Utara
TOKO FERDI,6282369265770,Aceh Utara
BANG SAYUR,6285277191266,Aceh Utara
AHMAD YANI BAYU,6282385735461,Aceh Utara
BARONA,6285362796493,Aceh Utara
MIN 28 ACEH BESAR,6282312850253,Aceh Utara
AL AZZAM MART,6285261518866,Aceh Utara
BARAKAH SWALAYAN,6281375386049,Aceh Utara
KANTIN DAYAH TU BULQAINI,6282370411831,Aceh Utara
KANTIN SMANSA UNGGUL TRIYA,6281262320084,Kabanjahe
TOKO ADIT ,6281361581083,Kabanjahe
UD BERKAH MAJU ,6281260654772,Kabanjahe
TOKO BINA SAUDARA,6282363613286,Kabanjahe
TOKO UJUNG PADANG 2/ USAHA YAKIN,628229222398,Kabanjahe
TOKO HERDI LABUHAN HAJI ,6281269076984,Kabanjahe
TOKO 3 SAUDARA BAKONGAN,6281293299772,Kabanjahe
TOKO NINTA CELL,6282261606918,Kabanjahe
TOKO YULIA,6282161048798,Kabanjahe
TOKO ALFABETA 2,6281376939540,Kabanjahe
TOKO YPR,6282216251134,Kabanjahe
TOKO UCOK TA ,6285373934147,Kabanjahe
TOKO CHELSY GIRSANG,6287830736300,Kabanjahe
TOKO JUAN SILABAN,6281264646668,Kabanjahe
TOKO RONAL,6281360076212,Kabanjahe
KANTIN SD 5,628387207013,Kabanjahe
JT BANGSI,6285261141111,Kabanjahe
TOKO NAMIRA,6281263281545,Kuala Simpang
TK. LAJUNVI - CIPUTAT TIMUR,6282110400984,Tangerang Selatan
TK. SISWA SMAN 4 TANGSEL - CIPUTAT TIMUR,6285710120430,Tangerang Selatan
TK. MAMA RIZKI/DEWI - SERPONG,6287741177459,Tangerang Selatan
RnD Store Brilink,628988657650,Bogor Barat
Warung Eni Cirewed,6285773875831,Bogor Barat
Warung Diva Sulistyo,6281315920078,Bogor Barat
Toko Ibu Anih,6285122015715,Bogor Barat
Warung Teh Uyun,6285881135629,Bogor Barat
Warung Wa Iyah,6289669579192,Bogor Barat
Warung Meliyanti,6285716706312,Bogor Barat
Toko Hera frozen,6285591765716,Bogor Barat
Toko Lintang,6285711001086,Bogor Barat
Toko Sabrina Tanah Sareal,6281219060040,Bogor Barat
Warung Bosco Citoh,6285819251009,Bogor Barat
Toko Ibu Iyam,6285782739190,Bogor Barat
BnB Stuffs,6281282537102,Bogor Barat
SMP Muhamadiyah 1 Leuwiliang,6285219777763,Bogor Barat
Toko Atqa Nagasari,6285817508882,Bogor Barat
Toko Aulia,6281298522552,Bogor Barat
Sembako Madura Ibu Mamah,6287867781169,Bogor Barat
Toko Athar,628567015279,Bogor Barat
Warung Manambin Saroha,6281367759471,Bogor Barat
Toko Doa Ibu Madura,6282241973957,Bogor Barat
Warung Ibu Lisah / Pak Hendra,6285775262422,Bogor Barat
Kantin SD Ummul Quro,6289689943123,Bogor Barat
Toko Wadadin,6285890126007,Bogor Barat
Warung Bu Yuyum,6288291278468,Bogor Barat
SRC Rijan,6285777742427,Bogor Barat
Warung Teh Elis Kp Anyar Urug,6285773110612,Bogor Barat
Toko Ibu Eni Cigudeg,6285892745413,Bogor Barat
Toko Nengsih Cigudeg,6281410783221,Bogor Barat
Warung Neng Nafisa,6281412176779,Bogor Barat
Toko Rosiki 1 Sukasari Tenjo,628170810650,Bogor Barat
TOKO MAMAH MARVIN,62895414775253,Bogor
TOKO BINAR,6281938652016,Bogor
WARUNG AMANAH,6282335450455,Bogor
TOKO HASIBUAN KARADENAN,6285218349011,Bogor
TOKO LUBIS ARZIMAR,6285206034595,Bogor
WARUNG BU ELIH,6289611577132,Bogor
TOKO EVIE,6289509756689,Bogor
TOKO HOLID,6289638295598,Bogor
TOKO BAGUS,628567049291,Bogor
TOKO SEMBAKO BERKAH ABADI,6289638070354,Bogor
TOKO BUCEK,6285770502568,Bogor
TOKO BAROKAH 3,6285780058172,Bogor
TOKO SYIFA SAEPUDIN,6282337221639,Bogor
TOKO FIRMAN PERABOT 3,6281314960821,Bogor
TOKO MADURA CISALADA,6285778701797,Bogor
TOKO ARKANA 2,6285773532375,Bogor
TOKO ARIF BUDYANTO,6285814460231,Bogor
KEDAI ANDINIE,628561059300,Bogor
TOKO HERI SUSANTO,6281311111255,Bogor
SHITA CELL,6285797372459,Bogor
TOKO POM MINI BREBES 2,6285259850004,Bogor
TOKO RAMA SALEH,6285352078534,Bogor
TOKO HANUM POMAD,6281295200557,Bogor
WARUNG LUBUK RAYA,628978284458,Bogor
AGSA MART REST AREA BOMANG,6287898704562,Bogor
WARUNG PAK KENENG,6287853384888,Bogor
TOKO RUSMANI,6281398731100,Bogor
TOKO HAMDI,6285885954335,Bogor
TOKO PLASTIK IQBAL,6287870868936,Bogor
TOKO RIO AGUS,6285819447827,Bogor
TOKO WINDA CIBINONG,6283114804647,Bogor
Barokah Putri 6,628561983560,Depok
Toko Hani,6285692228044,Depok
Warung wanda,6285881728772,Depok
Toko Lena 5,628998972180,Depok
Toko Mba Sari (Gn Sindur),6282261168440,Depok
Toko Zaini (CIbinong),6285781203974,Depok
Toko Bang Bray,6289519603325,Depok
Toko Siyra,6285320172820,Depok
Toko Muhsan,6285817769303,Depok
UMKM Riyadhul Jannah,6285865656748,Depok
Berkah Aidil,6287752369480,Depok
Toko Hanif,6282213423277,Depok
Toko Madsal,6289517648764,Depok
Toko Markus,6281219106738,Depok
SMPIT Al-Haraki,6285813455505,Depok
Toko Abdul Maulana,6281572145526,Depok
ACH Syafei 4 (Bj gede),6285259250544,Depok
Nurul Nasution,6281290099112,Depok
Toko Ismail (Bogor),6281918645816,Depok
Warung Vino 2,62895606114114,Depok
Warung Az-Zahra (Bj gede),6287775576347,Depok
Madura Zhea 2,6281990011199,Depok
Toko Restu Ibu,6285582055597,Depok
Toko Sembako Abiyah,6281296364743,Depok
Teh Devi,6283808024565,Depok
Toko Rizal,6281315882688,Depok
Toko Abdi Harahap,6289504900528,Depok
Toko Aulia 2 pahlawan,6287758030632,Depok
Toko Murni 7,6287791734804,Depok
Toko mamah raffa (tajuhalang),6285881308961,Depok
Toko Yunus,6285669076282,Depok
Toko Aulia II,6289617434762,Depok
Toko Nevan,6281295064506,Depok
Toko Rossi,6283894416996,Depok
Toko Zaki rangkuti,6287832879467,Depok
Toko Nayla Rasid,6281586417707,Depok
Toko Mulya Sanjaya,6282114004992,Depok
Toko Bp. Syamsuri (sawangan),628121848931,Depok
Toko Ucok (Jl. Merapi),6281221173551,Depok
Rumah Fauzi,6285781148081,Depok
Toko Faiq,6285945753763,Depok
Ucok Nabila Kp. Bojong,6281210886989,Depok
Koperasi SMK Yapemri,6285217767509,Depok
Toko Ucok Anwar(Sukmajaya),6285312482986,Depok
Toko Ramlan(Sukmajaya),6281212338384,Depok
Kantin Sehat Budhe Es (SDN RRI Cislaak),6281299436040,Depok
ALPI SAHAR,6285716427181,Rangkas Bitung
SITI AISYAH,6283811433644,Rangkas Bitung
SARAH,6283879112885,Rangkas Bitung
SAINAH PATIA,6285778734032,Rangkas Bitung
TOKO HAYATI-ANYAR-ADE FIRMAN,6285960107622,Serang
TOKO TOIP / NADA PUTRA-PABUARAN-RISKI,6285215663899,Serang
TOKO IBU MUN-PAMARAYAN-BURKON,6285715700418,Serang
S06 - TK. MDR AFIFAH - CURUG (NOND02),6285104007950,Tangerang Kota
S24 - TK. DIKA - BALARAJA (NOND08),6285214954295,Tangerang Kota
S33 - TK. KAKA 02 - BABAKAN (NOND10),62830256127341,Tangerang Kota
S36 - TK. UCOK LUBIS - LARANGAN (NOND11),6287775662243,Tangerang Kota
S39 - TK. ALEX - SINDANG JAYA (D6),6285212175595,Tangerang Kota
S39 - TK. SRC SHIFA - SINDANG JAYA (NOND08),6281290765346,Tangerang Kota
S28 - TK. SMPN I - CIKUPA (NOND08),6281381545876,Tangerang Kota
( BJC ) SUKSES JAYA. TK,6282217136397,Bandung
( MCL )NAZWA (CIKASUNGKA). TK,6281324292893,Bandung
( MCP )PAK ADE. TK,6283114752631,Bandung
Toko Ragil,6281321894161,Tasikmalaya
Toko Bhakti Sukaresik,6285314495221,Tasikmalaya
Toko Linda Salebu (madrasah Miftahul Huda),6289674417614,Tasikmalaya
Toko Asep Komarudin,6281210029377,Tasikmalaya
Toko Fitri Ciawi,6281220342013,Tasikmalaya
Toko A Darsono,6285314650651,Tasikmalaya
Toko Ojak Ciawi,6285223905801,Tasikmalaya
Toko Nita,6282124031063,Tasikmalaya
APT SDP,6281384883239,Ciamis
RAMA PUTRA JAYA (RPJ),6282218180765,Ciamis
DEDE ENDANG,6285218054307,Ciamis
MAIL,6285223112482,Ciamis
ERNA,6285223386866,Ciamis
SRI RAHAYU,6282121900938,Ciamis
KEDAI EMA,6281973547115,Cianjur
IBU ENUNG,6282318426259,Cianjur
WARUNG TEH IRMA-HAURWANGI,6289503606633,Cianjur
AXEL CELL/NABILA,6285861282254,Cianjur
WARUNG AGAM,6285320605107,Cianjur
Tk. Ahmad Dahlan,6282120736008,Garut
Tk. Ade Malangbong,6289636519777,Garut
Tk. Umi Dhifa,6282126190271,Garut
Tk. Asep S,6285932530688,Garut
Tk. Bu Euis Samarang,6281809149189,Garut
Tk. Warung Bu Wulan,6282321296104,Garut
SADULUR,6283824728532,Karawang
RISKA NINA 2,6285781415566,Karawang
MAKMUR,6285703228756,Purwakarta
Ade Mulyati,6285315290459,Subang
BP ADI SUBARJAH ,6285603124405,Sukabumi
RONI PAKPAHAN,6281292702473,Sukabumi
SRC VITA ,6281298694432,Sukabumi
AINUN SOPIAH,6285720847974,Sukabumi
PONPES AL AMIN,6281380434633,Sukabumi
KANTIN  SDN SUKAWARGI,6285697755585,Sukabumi
KANTIN MI BANJARSARI,6285624933622,Sukabumi
WARUNG BAPAK ASEH,6285846422821,Sukabumi
TOKO DANI HENDIANI ,6285871303440,Sukabumi
CITRA NUR ANGGRAENI A,6285722212092,Sukabumi
Toko Tasya,6285221067202,Sumedang
DHARMA PUTRA,6285725485565,Wonogiri
SARTINI,6281329275755,Wonogiri
SUROTO,6285728573932,Wonogiri
HABIB,628128265448,Wonogiri
KEYKEY,6281238942683,Wonogiri
KARTIKA,6285725857512,Wonogiri
Istiqomah,6285329972352,Wonosobo
Tri Rahayu,6285291871790,Wonosobo
Widhi Andriyani / PP Ma'had Tahrizul Qur'an al Annur,6285228884244,Wonosobo
Mustamsikin / Supriyanto,628526166010,Wonosobo
Untung Gunawan,6285291591671,Wonosobo
Ahmad Muqorobin,6285727428483,Wonosobo
AMALIA TANJUNG,628388318781,Klaten
SUKESI,6286976312769,Klaten
BRD MART,6282130004262,Klaten
DOA IBU,6285702148980,Klaten
SIVA,6281226838572,Klaten
RAFA MART,6281362433896,Klaten
KAYANA,6285155189221,Klaten
MM FROZEN,62852135309921,Klaten
INDRI ASIH,6285602055948,Klaten
ARLIS,6282326156903,Klaten
sovi,6282221286076,Klaten
FAYLA JATINOM,6283852748144,Klaten
KLARAS MART,6285600198663,Klaten
MUBAROK GROSIR MART,6282323671132,Pekalongan
KOPERASI SMP 5 BATANG,62895346128998,Pekalongan
SMP N 4 SALATIGA,6288215134453,Salatiga
AMIN MART PUTRA,6285175105959,Salatiga
ARA,6287212919355,Salatiga
BU NUR DUREN,6285727784222,Salatiga
SALBIYAH,628812714108,Salatiga
SD LANJAN 1,6285793727958,Salatiga
DUA PUTRI,6282325609434,Salatiga
ALMER,6285725419433,Salatiga
LESTARI BUTUH,6281391799656,Salatiga
MTS SUDIRMAN,6285878787129,Salatiga
RONDIYAH BARAN,6282134352717,Salatiga
SMP 5 AMBARAWA,6285858314811,Salatiga
Al Azam,6287860078630,Solo
Siti Mahmudah,6285284070338,Solo
Jumadi,6287835197800,Solo
Pratama Frozen,6282138096622,Solo
Sumber Rejeki Miri,6281226202525,Solo
Kania,6285867773508,Solo
Ipang,6281294159570,Solo
Apt Ayo Sehat,6285109422251,Solo
Ayam Tempong Pns Solo,6282372566555,Solo
Barokah Tipes,6287866192037,Solo
Pink,6281215960302,Solo
Sri Joyo,6285848543884,Solo
Hemartt,6285642310477,Solo
Fauzan Madura,6287879080977,Solo
Rudi,6281227647678,Solo
Wiharto,6282138891472,Solo
Barokah Jaya Mart,6282133185007,Solo
Manggala,6287836784225,Solo
Sri Wahyudi /  Naily,6282210370447,Solo
Mustika,6281379112819,Solo
Cctv,6281931643510,Solo
Suci,6288980127534,Solo
Bella,6281289234476,Solo
Fahwa,6287726287189,Solo
Mitra Mini 2,6289687356856,Solo
Linda Bunder,6285647112029,Solo
Planet Pulsa,6285731545880,Tulung Agung
Eko Cahyono,6285233553763,Tulung Agung
Toko Moena,6282335544629,Tulung Agung
TOKO TELON BG,6285230891690,Bojonegoro
TOKO DINDA MART PADANGAN,6281229295494,Bojonegoro
TOKO BAROKAH RUKMINI PADANGAN,6282336526643,Bojonegoro
TOKO NABILA KEDEWAN,6281330105014,Bojonegoro
TOKO BU SULASTRI KEDEWAN,6282315446983,Bojonegoro
TOKO ERWIN SUGIHWARAS,6285338010747,Bojonegoro
KANTIN PONDOK PUTRI DARMAS SUMBERREJO,6282139004284,Bojonegoro
TOKO AMANDA BAURENO,6285161536165,Bojonegoro
KOPSIS MTS MART MALO,6285399485681,Bojonegoro
TOKO RIFKY DANDER,6287844701276,Bojonegoro
TOKO TAMSINI GAYAM,6285325633751,Bojonegoro
TOKO FICHA CELL SUMURPANDAN GAYAM,6285203865546,Bojonegoro
TOKO AMINAH PURWOSARI,6287850510688,Bojonegoro
UD TANI LESTARI MALO,6288989683970,Bojonegoro
TOKO RIKO PUTRA TAMBAKREJO,6285234142880,Bojonegoro
TOKO SEKAR ARUM,6281230893677,Lamongan
TOKO 99 SUMBERREJO,6285664387079,Bojonegoro
TOKO CICI PURWOSARI,6282230075039,Bojonegoro
TOKO SULAIMAN KEPOHBARU,6282330190507,Bojonegoro
TOKO SALWA SUGIHWARAS NGRAHO,6285731447669,Bojonegoro
TOKO FAIDA NGRAHO,6285713508805,Bojonegoro
TOKO SRC INTAN CELL BOJONEGORO,6285232660866,Bojonegoro
KANTIN PONDOK SUNAN DRAJAT KEDUNGSANTREN 2 BOJONEGORO,6285606822633,Bojonegoro
TOKO MBAK WIDA BOJONEGORO,6285733321470,Bojonegoro
TOKO CINDI KAPAS,6285204931637,Bojonegoro
TOKO ALFALA MART BALEN,6282312425601,Bojonegoro
TOKO BU UMI MAYANGKAWIS BALEN,6285816722232,Bojonegoro
UD BAROKAH JAYA SUKOSEWU,6285964362897,Bojonegoro
TOKO NUHI CELL SUKOSEWU,6282218205755,Bojonegoro
TOKO BU RISKY KENDUNG KEDUNGADEM,6282111335560,Bojonegoro
TOKO BAROKAH DO'A IBU KEDUNGADEM,6282333869598,Bojonegoro
TOKO ROZIKIN NGRANDU KEDUNGADEM,6285852943906,Bojonegoro
SMPN 1 PANCUR,6285225956331,Tuban
TOKO NATHA KALITIDU,6283834948116,Bojonegoro
TOKO BU MUNASRI KALITIDU,6281333640447,Bojonegoro
TOKO ZAKKY BUBULAN,6281335340156,Bojonegoro
WARNA WARNI MART BALEN,6285327555533,Bojonegoro
TOKO MBAK MUT SUMBERREJO,6282139655404,Bojonegoro
TOKO ALLEN SUGIHWARAS,6283834123174,Bojonegoro
TOLO SELFI KALITIDU,6281250290469,Bojonegoro
TOKO KARWIYONO DANDER,6281288761743,Bojonegoro
TOKO MAARIF MART MAYANGREJO KALITIDU,6285330159319,Bojonegoro
TOKO PAK RAMA SUGIHWARAS,6285850237023,Bojonegoro
TOKO YURI CAMPUREJO BOJONEGORO,6281335439569,Bojonegoro
TOKO FAIZIN SUKOREJO BOJONEGORO,6289677362324,Bojonegoro
TOKO SERBA NAYOH BENDO,6285233688869,Bojonegoro
TOKO ARINDA KEPOHBARU,6282332635816,Bojonegoro
KOPSIS SMKN 4 SUKOWATI KAPAS,6285231843750,Bojonegoro
TOKO NENG EVI DANDER,6285731312263,Bojonegoro
TOKO KIRANA DANDER,6285641028685,Bojonegoro
TOKO RISKY DANDER,6281358494242,Bojonegoro
TOKO M. JAPAR NGLUMBER KEPOHBARU,6282132142572,Bojonegoro
TOKO AL-FAZZA BALEN,6285746150050,Bojonegoro
KANTIN PONPES AR ROSYID DANDER,6285784617559,Bojonegoro
TOKO MBAK ANI SUGIHWARAS,6285335591937,Bojonegoro
TOKO LAUT CELL SUMBERREJO,6285746151050,Bojonegoro
KOPSIS SMAN 1 BALEN,6285330801321,Bojonegoro
KANTIN TPQ HIDAYATUT THOLIBIN BAURENO,6281357192406,Bojonegoro
KANTIN MTS AL BAHROIN PADANGAN,6285736237108,Bojonegoro
TOKO BU DIAN DANDER,6285236661253,Bojonegoro
TOKO BUSIP MOJOKAMPUNG BOJONEGORO,6281235833017,Bojonegoro
TOKO IBU SITI TRUCUK,6282337318044,Bojonegoro
TOKO BU PARTI PURWOSARI,6285335310482,Bojonegoro
TOKO AULYA MANDIRI KEDUNGADUM,6285785491148,Bojonegoro
TOKO ZA'IM,6282257152828,Bojonegoro
TOKO GANGSAR KAPAS,6285787615641,Bojonegoro
TOKO CAFFE PASINAN BAURENO,6285851044696,Bojonegoro
TOKO MBAK UMI KADUNGREJO BAURENO,6282232434070,Bojonegoro
TOKO MITRA INTANI KENEP BALEN,6281359485918,Bojonegoro
TOKO YASMI KEMAMANG BALEN,6282312428658,Bojonegoro
TOKO BUK ZUL SUWALOH BALEN,6285258866825,Bojonegoro
TOKO AL JANAH BAURENO,6285748360943,Bojonegoro
TOKO ALFIAN KEMAMANG BALEN,6282127792523,Bojonegoro
KANTIN PP SABILUL MUTTAQIN BAURENO,6285745706993,Bojonegoro
TOKO MBAK YUNITA SEKAR,6281249540716,Bojonegoro
AHMAD BADOWI,6282141514558,Kediri
EKO SUPRIONO/TOING,6281335107470,Kediri
Pak Bambang M./ Nafsakah,6285732523320,Lamongan
Eva Mazroatul Sihlahiyah,6281233333125,Lamongan
TOKO KIKI BANJARSARI TRUCUK,6285336095009,Bojonegoro
Surya Abadi/ Nimas Ayu Suryo Angembani,6287815913825,Lamongan
Iftitahur Rohmah S.Pd,6285745949590,Lamongan
SMPN 1 SEKARAN/ Hanif Ashar,6281357055570,Lamongan
Toko Siti UlfatiN,6282211463735,Lamongan
Koperasi SMPN 1 Mantup/ Nurhayati,628113424930,Lamongan
Choi Suncono,6285730191929,Lamongan
Kantin Robby/ Andrian Aguntoro,6283197481437,Lamongan
Toko Rahayu Armunita,62852574355,Lamongan
Toko Citra Nanda Khuririn Liya,6285730399755,Lamongan
PONDOK PUTRI SUNAN DRAJAT,6285804455375,Tuban
Toko Grosir/ Herdiana,6285230901857,Lamongan
Toko Muda'iyah ,6281330172605,Lamongan
Toko Diva Rizky/ Sujianto,6285852211766,Lamongan
SMPN 1 KEMBANGBAHU/ M. Faqih,6285645274714,Lamongan
Siti Maspupah,6283147293111,Lamongan
Ali Teluk Bayur,6281944942371,Malang
Kantin SDN 2 Gondanglegi Kulon,6283834134193,Malang
Bu Dwi Talangagung (Agen Elpiji Anggrungan),6285259000529,Malang
SMA Taman Madya,6289609984204,Malang
Rosyid,6285748768587,Malang
Lucky Store,6282257752163,Malang
Febri Dwi,6281333530870,Malang
Mbak Tatik,6281216480407,Malang
SMPN 1 Jabung,6281559876475,Malang
SDI Sabilillah,6285649723052,Malang
Hermin dinoyo,6282299009131,Malang
si cemol,6283124373076,Pasuruan
hikmah,6282233858104,Pasuruan
nina,6285236653164,Pasuruan
dalwa mini mall,6281233020357,Pasuruan
munif cell,628563360985,Pasuruan
warung renda,6282331500026,Pasuruan
riski jannah,6283834397782,Pasuruan
salman,6282229580415,Pasuruan
barokah nurhadi,6285234084269,Pasuruan
rowi arjo,6281359189898,Pasuruan
luna,6282143713431,Pasuruan
ilul jaya 2,6285733039682,Pasuruan
sosis rama,6282334270304,Pasuruan
Abadi,6281334024949,Probolinggo
Toko Tata,6281230891821,Probolinggo
PP An-Nur Putra,6281332004120,Probolinggo
SDN Kedungrejo 2,6285204586455,Probolinggo
Toko HJ Pur,6282246254870,Probolinggo
Toko Lubi Barokah,6285286989298,Probolinggo
Toko Khairiyah,6285257785583,Probolinggo
Toko Bintang Cell,6285257202870,Probolinggo
Toko Yanti Shop,6281358137197,Probolinggo
Toko Mitra Rezeki,6285336034438,Probolinggo
Arif Triwiyanto,6281332760615,Probolinggo
Toko Queen,6281333957784,Probolinggo
Toko Pontini,6285232199977,Probolinggo
Toko Khozim,6282334146766,Probolinggo
Toko Putri Rahayu,6282334419870,Probolinggo
Sofyan Cell,6285233361958,Probolinggo
Toko Ibu Angga,6282131080636,Probolinggo
SMP AL MUHIBIN,6281235914037,Tuban
MARTIKAH (GAJI),6281332910999,Tuban
PP ALHAMIDIYAH 2,6288216562704,Tuban
MTS PUTRI NURUS SALAM,6289525929194,Tuban
SITI MASRUAH,6285855172328,Tuban
BU SITI BANCAR,6288989320684,Tuban
MOH KHOIRON,6285291554885,Tuban
FAQIH MART,6282338120547,Tuban
SIHABIMA,6285816215488,Tuban
TINI,6285335508027,Tuban
SUMANTO ,6281330113551,Tuban
ISTIKHOMAH,6285236914136,Tuban
SMPN 2 LASEM,6281328836939,Tuban
Toko Sri Rejeki,6285853422449,Lamongan
SMAN 1 RENGEL,6281252890620,Tuban
RINI KLUTUK,6292330889499,Tuban
MAREM MART,6282140545912,Tuban
TOKO BAYU,6285852622132,Tuban
INDARWATI PALANG,6283873452950,Tuban
AFID 2,6287729065757,Tuban
SITI NURYANA,6287872041345,Tuban
MAN 1 TUBAN,6289513002112,Tuban
SITI MUAWANAH,6282200969955,Tuban
SUHARLIN,6282111427429,Tuban
TOKO L-IZZA BOJONEGORO,6287860271853,Bojonegoro
ISWATI,6281238404700,Tuban
KIARA,6282245477448,Tuban
LANCAR MART BANCAR,6281216433549,Tuban
SMK TJP,6281218268974,Tuban
YENI,6282337485388,Tuban
ERNIP,6285706993393,Tuban
PUZA MM,6285642710235,Tuban
SUSMIYATI SLUKE,6288238065941,Tuban
RIYATUN,6282232639743,Tuban
SITI KHOLIFAH,6285232244089,Tuban
ENGKOS KOSASIH,6285746949139,Tuban
SD SOBONTORO / GUNTUR PRIYA,6285860953837,Tuban
BU SUHARTINI,6285232035104,Tuban
SMPN 2 WIDANG,6289649846555,Tuban
TOKO TIRTO ARUM,628155055054,Surabaya
SUKA-SUKA / DWI IRWANTO,6282241817779,Banyuwangi
"BK MART PEMEPEK, PEMEPEK",6281757474415,Lombok Tengah
"KIOS GIBRAN, LIMO PENANDAK SELEBUNG REMBIGA",6287860961006,Lombok Tengah
"AL-FATIH, BAGEK GOPONG, PIJOT",6281997684422,Lombok Tengah
"DHAFIN SHOP, DESA PENUJAK",6287854518599,Lombok Tengah
SMP ISLAM AL-IKHLASYIAH,6287835196232,Lombok Tengah
"TOKO LINA, PEDANDAN TAMPAK SIRING BATUKLIANG",6287758646298,Lombok Tengah
"TOKO TONI, KUANG DAREK, RUMBUK",6287815511489,Lombok Tengah
"MARDIATUN, SELONG",6285955139892,Lombok Tengah
"MINA, KERONGKONG",6281997984711,Lombok Tengah
TIDI MARKET,6281917529555,Lombok Tengah
"SINTA, PENGENJEK",6287817087917,Lombok Tengah
"HASANAH, PAGUTAN",6281916919013,Lombok Tengah
"HANNA, PAGUTAN",6281917713111,Lombok Tengah
HINNAH,6281339889738,Lombok Tengah
"FARIL, PENGENJEK",6287860963653,Lombok Tengah
FATMA,628195384888,Lombok Tengah
DARUL MUHIBBIN,6287865833640,Lombok Tengah
ARIFIN MUNIR,62819917000000,Lombok Tengah
"TAUFIQ, RENTENG",6281915826665,Lombok Tengah
RUMIYATIN,6285655011609,Mojokerto
AINUN FADILAH,6285730367346,Mojokerto
SUDIASIH,6285733029810,Mojokerto
MAS HERI,6282254013225,Samarinda
OLEH OLEH IKN,6281348747700,Balikpapan
NAFIT JAYA,6281257137249,Balikpapan
ASRI,6281345702262,Balikpapan
MAMA UDIN,6282114448145,Balikpapan
SD MADRASAH,6282154926576,Balikpapan
DIAN RAINA 02,6282261152817,Balikpapan
MINA JAYA,6281545366966,Balikpapan
PONPES SUBULUSSALAM,6285250186722,Balikpapan
KEMBAR 88,6282152928013,Balikpapan
MAMA MIMIN,6285224760333,Balikpapan
SIMPANG RAYA LONGIKIS,628125356506,Balikpapan
H. ABD HADI,6285247074738,Balikpapan
MEITY,6282123281898,Balikpapan
H. NASRIL,62811592349,Balikpapan
MAMA CINTA GRT,628115408300,Balikpapan
HEVINDO 2,628125412969,Balikpapan
Zebra 77 Kios Jln Zebra 4,6281340224242,Palu
Mie Ayam Srikandi (Sepang),6285251519042,Palangkaraya
Juriah Toko (Tumbang Jutuh),6282359447021,Palangkaraya
Toko Novia,6281250941117,Palangkaraya
Wr. Arif Budi,6282151840006,Palangkaraya
Kantin Ibu Lina,6282254761730,Palangkaraya
Alam Kios Desa Maku,6285230827270,Palu
Rahman Toko,6285213760766,Palangkaraya
Toko 2 N ,6287791872136,Palangkaraya
Gre Gorio Toko,6285248676130,Palangkaraya
Sidiq Siregar Toko (Sebabi),6282175859449,Palangkaraya
Lina Toko ,6285828106144,Palangkaraya
Mimi Shop Agen,6282255532781,Palangkaraya
Berkah Toko,6281253568560,Palangkaraya
Rafif Cell Toko (Kuala Pembuang),6285849230441,Palangkaraya
TOKO KAPUAS,6285332403286,Palangkaraya
MM INDAH,6281545666226,Pontianak
PONPES HIDAYATUL MUSLIMIN 1,6285652121296,Pontianak
TOKO AYU ,6285255294231,Watampone
TOKO SAHRUL ,6285231144105,Watampone
KIOS CAHAYA BARATA,6282347798980,Watampone
YUSPIA INDAH,6285215752524,Gowa
KANTIN SMP 2,6285255856975,Gowa
MUJI,6282187998190,Gowa
Ali Kios Dusun 3 Sidera,6282331579918,Palu
Ullah Kios Desa Ganda Ganda,6282259879889,Palu
Sakura Kios BTN Mahkota Indah,6281354683118,Palu
HOKKY TOKO (dekat SDN Inpres Balaroa),6285311657748,Palu
Ayu Kios Jln Gatot Subroto,6285342977052,Palu
Azzahra Kios Jln Padatkarya,6285255567908,Palu
P. Ambo Kios Jln Malontara,6281324964466,Palu
Nabila Kios Lagarutu,6285240804806,Palu
Depan Toko,6285366799222,Palangkaraya
Ayukma Kios Jln Puebongo,6282148685835,Palu
Syukur Kios Jln Sungai Manonda,6281354333264,Palu
Hartati Kios Desa Pandayora,6281340508428,Palu
TOKO ANDI GUSTIA,6281218287591,Makassar
TOKO UNNA,6282190173273,Makassar
HAMSIA,6282137583646,Makassar
MUZZAMMIL,6282188447100,Makassar
TOKO GAFFAR,6281241362705,Makassar
MADINA CELL,6281523755561,Makassar
TOKO SALSABILA,6285234562212,Makassar
TOKO HASNAH,6281343564263,Makassar
